time_msec,throughput,current_buffer,current_playing_segment
373,74.8271,0,0
476,789.437,0,0
585,860.444,0,0
700,815.158,0,0
806,767.094,0,0
918,837.189,0,0
1150,69.1111,0,0
1264,822.372,0,0
1365,696.96,0,0
1482,992.821,0,0
1644,278.857,2,1
1762,694.974,2,1
1913,296.286,4,1
2028,611.368,4,1
2224,286.069,5.891,1
2333,752.889,5.781,1
2510,400,7.601,1
2624,513.982,7.491,1
2728,446.769,7.381,1
2833,446.769,7.281,1
2995,281.22,9.121,1
3099,446.769,9.011,1
3206,438.34,8.91,1
3308,460.04,8.801,1
3413,446.769,8.701,1
3518,446.769,8.592,1
3656,283.624,10.461,1
3787,357.415,10.33,1
3903,300.414,10.211,1
4019,300.414,10.09,1
4137,297.846,9.981,2
4254,300.414,9.871,2
4370,300.414,9.749,2
4486,300.414,9.64,2
4673,184.342,11.45,2
4790,300.414,11.33,2
4894,446.769,11.231,2
4998,335.077,11.121,2
5101,341.647,11.02,2
5205,338.33,10.919,2
5309,335.077,10.81,2
5412,341.647,10.71,2
5515,338.33,10.61,2
5656,201.57,12.47,2
5761,335.077,12.36,2
5863,341.647,12.261,2
5972,430.222,12.15,2
6123,213.545,14,3
6248,374.71,13.881,3
6373,374.71,13.761,3
6535,209.398,15.601,3
6660,371.712,15.472,3
6782,384,15.351,3
6906,377.756,15.231,3
7014,379.852,15.121,3
7126,213.545,17.011,3
7236,528,16.901,3
7349,414.857,16.782,3
7461,414.857,16.671,3
7607,267.613,18.522,3
7719,418.595,18.411,3
7831,418.595,18.302,3
7944,411.186,18.191,3
8057,414.857,18.081,3
8169,414.857,17.98,4
8330,283.624,19.82,4
8437,438.34,19.721,4
8538,460.04,19.61,4
8641,451.107,19.51,4
8744,455.529,19.41,4
8849,442.514,19.3,4
8950,460.04,19.2,4
9053,451.107,19.1,4
9158,446.769,18.99,4
9284,187.548,20.87,4
9385,464.64,20.769,4
9501,606.052,20.65,4
9620,488.067,20.531,4
9742,480,20.41,4
9852,528,20.3,4
9957,446.769,20.191,4
10072,509.474,20.08,4
10207,433.433,19.96,5
10389,181.109,21.771,5
10511,480,21.651,5
10618,651.364,21.541,5
10732,513.982,21.43,5
10843,528,21.321,5
10951,537.778,21.211,5
11063,523.243,21.1,5
11175,518.571,20.99,5
11287,518.571,20.871,5
11409,576,20.751,5
11521,518.571,20.641,5
11635,513.982,20.53,5
11739,676.66,20.42,5
11840,575.05,20.321,5
11943,569.412,20.22,5
12052,639.413,20.111,5
12156,563.883,20.011,5
12260,563.883,19.92,6
12388,331.68,21.79,6
12490,569.412,21.69,6
12594,563.883,21.59,6
12697,563.883,21.48,6
12800,676.66,21.38,6
12913,622.286,21.27,6
13030,600.828,21.15,6
13146,600.828,21.04,6
13262,600.828,20.92,6
13378,600.828,20.8,6
13494,606.052,20.689,6
13609,606.052,20.57,6
13725,600.828,20.461,6
13841,606.052,20.34,6
13953,726,20.231,6
14106,403.459,22.08,6
14215,639.413,21.991,7
14325,633.6,21.881,7
14434,639.413,21.771,7
14542,645.333,21.661,7
14652,639.413,21.552,7
14761,639.413,21.441,7
14870,645.333,21.331,7
14980,633.6,21.22,7
15085,781.846,21.122,7
15188,676.66,21.011,7
15291,683.294,20.91,7
15394,683.294,20.811,7
15496,683.294,20.71,7
15599,676.66,20.601,7
15703,676.66,20.5,7
15807,670.154,20.39,7
15910,683.294,20.291,7
16012,683.294,20.19,7
16116,676.66,20.091,7
16233,801.103,19.981,8
16346,726,19.871,8
16460,713.263,19.751,8
16573,726,19.641,8
16691,426.514,21.52,8
16805,713.263,21.411,8
16918,726,21.291,8
17032,719.575,21.181,8
17146,713.263,21.071,8
17260,713.263,20.951,8
17370,844.8,20.841,8
17478,759.925,20.731,8
17586,752.889,20.631,8
17693,759.925,20.521,8
17802,752.889,20.411,8
17909,759.925,20.302,8
18018,752.889,20.191,8
18126,752.889,20.091,8
18234,759.925,19.99,9
18342,759.925,19.88,9
18450,860.444,19.77,9
18553,797.176,19.671,9
18656,789.437,19.57,9
18803,499.115,21.42,9
18906,797.176,21.321,9
19010,781.846,21.21,9
19112,805.069,21.11,9
19215,797.176,21.011,9
19318,789.437,20.901,9
19439,580.8,20.78,9
19553,1018.95,20.671,9
19676,666.492,20.55,9
19783,767.094,20.44,9
19887,781.846,20.34,9
19998,844.8,20.22,9
20110,829.714,20.11,9
20216,767.094,20.011,9
20327,844.8,19.921,10
20428,805.069,19.81,10
20584,92,21.661,10
20685,929.28,21.561,10
20798,1130.76,21.44,10
20900,1024.94,21.341,10
21007,876.679,21.231,10
21115,860.444,21.131,10
21222,876.679,21.02,10
21330,868.486,20.911,10
21441,837.189,20.8,10
21549,759.925,20.691,10
21653,902.214,20.59,10
21760,868.486,20.48,10
21873,829.714,20.371,10
22060,325.176,22.18,10
22178,893.538,22.061,10
22279,805.069,21.98,11
22387,860.444,21.871,11
22492,885.029,21.77,11
22594,805.069,21.671,11
22701,868.486,21.561,11
22807,885.029,21.46,11
22909,797.176,21.351,11
23014,893.538,21.25,11
23120,876.679,21.14,11
23235,815.158,21.031,11
23347,837.189,20.911,11
23450,789.437,20.81,11
23552,805.069,20.711,11
23655,902.214,20.611,11
23756,696.96,20.511,11
23867,837.189,20.391,11
23972,781.846,20.29,11
24082,852.55,20.181,11
24189,868.486,20.071,11
24291,805.069,19.99,12
24406,707.061,19.88,12
24521,808.07,19.76,12
24626,781.846,19.66,12
24727,813.12,19.56,12
24874,447.84,21.41,12
24980,774.4,21.299,12
25086,774.4,21.2,12
25215,635.25,21.069,12
25317,1035.09,20.97,12
25428,732.541,20.849,12
25540,726,20.74,12
25653,726,20.63,12
25756,676.66,20.53,12
25863,657.509,20.421,12
25968,558.462,20.31,12
26098,804.185,20.18,12
26209,627.892,20.069,12
26312,797.176,19.98,13
26418,657.509,19.87,13
26527,752.889,19.77,13
26669,189.053,21.619,13
26784,606.052,21.51,13
26886,683.294,21.41,13
27004,694.974,21.29,13
27113,639.413,21.18,13
27233,677.6,21.059,13
27338,663.771,20.95,13
27442,676.66,20.85,13
27545,683.294,20.75,13
27646,805.069,20.65,13
27760,616.779,20.529,13
27865,663.771,20.43,13
27965,1045.44,20.33,13
28082,700.966,20.21,13
28192,639.413,20.1,13
28292,580.8,20,14
28406,611.368,19.9,14
28517,633.6,19.79,14
28676,213.386,21.63,14
28797,672,21.501,14
28917,580.8,21.38,14
29030,622.286,21.27,14
29149,590.644,21.15,14
29267,590.644,21.03,14
29379,627.892,20.919,14
29503,468.387,20.799,14
29611,651.364,20.689,14
29723,829.714,20.579,14
29832,537.778,20.47,14
29940,651.364,20.36,14
30043,563.883,20.26,14
30149,553.143,20.15,14
30256,542.804,20.049,14
30376,585.681,19.951,15
30483,547.925,19.841,15
30600,595.692,19.721,15
30704,563.883,19.621,15
30819,509.474,19.501,15
30939,585.681,19.38,15
31045,547.925,19.281,15
31147,920.079,19.18,15
31285,336.696,19.04,15
31406,484,18.921,15
31519,518.571,18.801,15
31637,694.974,18.681,15
31737,464.64,18.581,15
31847,532.844,18.471,15
31955,537.778,18.37,15
32066,528,18.26,15
32181,505.043,18.141,15
32303,576,18.021,15
32428,464.64,17.899,16
32544,505.043,17.79,16
32670,464.64,17.659,16
32787,500.69,17.549,16
32890,451.107,17.439,16
33010,484,17.319,16
33114,495.922,17.22,16
33240,87.1579,19.09,16
33343,455.529,18.99,16
33448,553.143,18.879,16
33556,430.222,18.78,16
33662,442.514,18.669,16
33764,455.529,18.57,16
33865,464.64,18.47,16
33989,566.634,18.34,16
34113,468.387,18.22,16
34226,414.857,18.11,16
34327,460.04,18,17
34437,426.275,17.911,17
34552,505.043,17.791,17
34662,426.275,17.68,17
34786,374.71,17.561,17
34902,400.552,17.44,17
35020,397.128,17.321,17
35128,430.222,17.211,17
35246,393.763,17.101,17
35355,537.778,16.991,17
35478,283.317,16.86,17
35601,380.852,16.74,17
35725,472.195,16.62,17
35825,348.48,16.52,17
35949,374.71,16.39,17
36071,384,16.27,17
36173,345.03,16.171,17
36277,335.077,16.061,17
36410,81.5082,17.941,18
36520,316.8,17.83,18
36631,422.4,17.72,18
36780,392.432,17.571,18
36889,430.222,17.46,18
36999,316.8,17.35,18
37110,316.8,17.239,18
37217,325.682,17.13,18
37330,311.143,17.02,18
37439,322.667,16.911,18
37551,311.143,16.8,18
37658,328.755,16.69,18
37797,334.273,16.55,18
37901,338.33,16.449,18
38036,346.746,16.319,18
38234,71.482,18.119,18
38339,446.769,18.011,18
38461,285.639,17.9,19
38583,288,17.781,19
38706,283.317,17.66,19
38828,285.639,17.53,19
38951,285.639,17.41,19
39088,339.153,17.271,19
39230,247.149,17.13,19
39373,243.692,16.991,19
39480,219.17,16.881,19
39625,240.331,16.741,19
39768,245.408,16.591,19
39910,245.408,16.451,19
40048,254.365,16.321,19
40149,232.32,16.21,19
40271,285.639,16.09,19
40385,203.789,16,20
40498,205.593,15.88,20
40612,203.789,15.77,20
40728,202.017,15.65,20
40839,209.297,15.54,20
40950,209.297,15.43,20
41066,200.276,15.32,20
41233,209.928,15.15,20
41351,198.564,15.029,20
41509,220.557,14.87,20
41636,184.381,14.75,20
41791,150.857,14.59,20
41932,165.943,14.45,20
42058,184.381,14.33,20
42199,164.766,14.18,20
42340,165.943,14.04,20
42498,84.339,15.899,21
42657,147.038,15.75,21
42814,147.975,15.59,21
42973,147.038,15.43,21
43130,147.975,15.27,21
43288,147.975,15.109,21
43407,145.815,15,21
43539,82.9333,16.87,21
43695,223.385,16.711,21
43851,148.923,16.551,21
44006,149.884,16.401,21
44162,149.884,16.241,21
44339,84.339,18.059,21
44497,147.038,17.92,22
44650,152.842,17.76,22
44805,224.826,17.611,22
44959,151.843,17.451,22
45113,150.857,17.3,22
45275,144.298,17.141,22
45517,62.5912,18.901,22
45659,163.606,18.75,22
45833,134.289,18.58,22
45983,232.32,18.43,22
46139,148.923,18.27,22
46294,149.884,18.12,22
46441,159.123,17.98,23
46617,132,17.801,23
46746,180.062,17.68,23
46925,59.9518,19.5,23
47089,212.488,19.33,23
47236,159.123,19.191,23
47393,147.975,19.03,23
47551,147.975,18.87,23
47672,193.6,18.751,23
47781,213.138,18.641,23
47933,152.842,18.49,23
48084,153.854,18.34,23
48235,232.32,18.191,23
48434,87.2982,20,24
48582,156.973,19.85,24
48731,156.973,19.701,24
48882,154.88,19.551,24
49031,155.919,19.4,24
49179,156.973,19.251,24
49328,155.919,19.101,24
49484,224.826,18.951,24
49637,152.842,18.801,24
49785,156.973,18.651,24
49933,156.973,18.5,24
50079,160.221,18.351,24
50227,158.041,18.212,24
50374,159.123,18.061,24
50518,242,17.93,25
50667,156.973,17.781,25
50811,161.333,17.64,25
50956,161.333,17.5,25
51097,165.943,17.359,25
51248,153.854,17.2,25
51409,79.616,19.039,25
51554,240.331,18.9,25
51696,164.766,18.76,25
51827,177.344,18.62,25
51972,161.333,18.48,25
52115,162.462,18.341,25
52259,162.462,18.19,25
52403,161.333,18.05,25
52546,162.462,17.92,26
52694,158.041,17.77,26
52833,250.705,17.631,26
52978,161.333,17.481,26
53124,90.4727,19.341,26
53267,163.606,19.2,26
53408,164.766,19.051,26
53551,163.606,18.911,26
53693,164.766,18.771,26
53834,164.766,18.631,26
53976,247.149,18.491,26
54118,164.766,18.351,26
54239,90.4727,20.221,26
54380,165.943,20.081,26
54522,163.606,19.96,27
54663,165.943,19.82,27
54803,165.943,19.68,27
54945,164.766,19.54,27
55085,250.705,19.4,27
55225,165.943,19.26,27
55365,165.943,19.121,27
55506,164.766,18.98,27
55643,166.235,18.84,27
55774,82.8667,20.71,27
55916,163.606,20.57,27
56043,182.929,20.44,27
56181,254.365,20.301,27
56329,156.973,20.15,27
56458,181.5,20.021,27
56596,169.577,19.9,28
56734,169.577,19.76,28
56872,168.348,19.621,28
57010,169.577,19.479,28
57147,169.577,19.35,28
57286,167.137,19.21,28
57426,250.705,19.07,28
57559,176,18.93,28
57696,169.577,18.8,28
57830,173.373,18.66,28
57967,170.824,18.53,28
58103,170.824,18.391,28
58241,169.577,18.251,28
58376,172.089,18.12,28
58511,260.06,17.99,29
58646,172.089,17.861,29
58782,172.089,17.72,29
58917,172.089,17.59,29
59114,88,19.39,29
59243,180.093,19.261,29
59377,173.373,19.121,29
59539,144.298,18.961,29
59664,278.784,18.841,29
59798,174.677,18.7,29
59922,188.878,18.58,29
60064,163.606,18.441,29
60199,173.373,18.3,29
60332,174.677,18.17,29
60461,180.093,18.041,29
60594,174.677,17.93,30
60732,254.365,17.79,30
60864,177.344,17.66,30
60996,177.344,17.529,30
61123,184.381,17.4,30
61263,165.943,17.26,30
61399,172.089,17.12,30
61526,182.929,17,30
61660,174.677,16.86,30
61783,188.878,16.74,30
61924,247.149,16.6,30
62056,177.344,16.47,30
62185,180.093,16.341,30
62307,192,16.22,30
62448,165.943,16.07,30
62579,177.344,15.95,31
62692,205.593,15.84,31
62823,178.708,15.711,31
62954,178.708,15.581,31
63070,94.7048,17.461,31
63199,181.5,17.33,31
63332,174.677,17.2,31
63460,182.929,17.07,31
63589,180.093,16.941,31
63718,180.093,16.811,31
63848,180.093,16.681,31
63978,178.708,16.551,31
64107,272.25,16.431,31
64236,180.093,16.3,31
64364,181.5,16.171,31
64492,182.929,16.041,31
64620,181.5,15.931,32
64749,180.093,15.8,32
64877,182.929,15.68,32
65005,182.929,15.551,32
65135,178.708,15.421,32
65262,184.381,15.291,32
65389,274.394,15.161,32
65516,184.381,15.041,32
65643,182.929,14.911,32
65778,173.373,14.78,32
65897,195.227,14.661,32
66024,184.381,14.53,32
66152,181.5,14.401,32
66278,185.856,14.271,32
66404,276.571,14.151,32
66533,181.5,14.02,32
66655,190.426,13.921,33
66781,184.381,13.791,33
66907,185.856,13.671,33
67012,186.286,13.561,33
67126,97.5686,15.451,33
67252,185.856,15.321,33
67378,184.381,15.191,33
67504,184.381,15.071,33
67628,281.032,14.941,33
67753,187.355,14.822,33
67878,187.355,14.701,33
68003,185.856,14.571,33
68128,187.355,14.441,33
68282,97.5686,16.29,33
68407,185.856,16.171,33
68532,187.355,16.041,33
68658,185.856,15.931,34
68780,285.639,15.811,34
68904,187.355,15.69,34
69027,188.878,15.571,34
69185,98.5347,17.411,34
69309,187.355,17.28,34
69433,187.355,17.16,34
69571,168.348,17.021,34
69698,184.381,16.901,34
69819,288,16.77,34
70035,85.7931,18.56,34
70161,184.381,18.43,34
70280,196.881,18.31,34
70403,190.426,18.191,34
70528,185.856,18.06,34
70650,190.426,17.949,35
70764,205.593,17.84,35
70896,177.344,17.711,35
71013,300.414,17.59,35
71133,193.6,17.471,35
71262,84.339,19.341,35
71382,193.6,19.22,35
71499,200.276,19.1,35
71624,185.856,18.98,35
71744,195.227,18.86,35
71865,193.6,18.741,35
71990,187.355,18.61,35
72105,303.026,18.501,35
72225,195.227,18.38,35
72447,136.506,20.16,35
72567,193.6,20.04,35
72687,193.6,19.931,36
72807,195.227,19.81,36
72927,195.227,19.691,36
73047,193.6,19.571,36
73167,195.227,19.45,36
73267,348.48,19.35,36
73374,217.121,19.24,36
73480,219.17,19.13,36
73587,219.17,19.03,36
73747,144.752,20.871,36
73854,219.17,20.76,36
73960,219.17,20.649,36
74067,219.17,20.551,36
74174,219.17,20.439,36
74281,217.121,20.33,36
74395,407.579,20.22,36
74500,304.692,20.109,36
74627,185.931,22,37
74742,305.684,21.881,37
74857,303.026,21.761,37
74973,303.026,21.65,37
75086,308.389,21.541,37
75201,303.026,21.42,37
75317,303.026,21.301,37
75430,308.389,21.191,37
75542,523.243,21.081,37
75717,259.188,22.911,37
75836,390.454,22.791,37
75956,390.454,22.67,37
76075,390.454,22.55,37
76195,387.2,22.431,37
76314,393.763,22.311,37
76434,390.454,22.191,37
76553,390.454,22.071,37
76677,562.065,21.96,38
76798,480,21.831,38
76920,480,21.71,38
77043,472.195,21.591,38
77239,293.593,23.39,38
77361,480,23.27,38
77483,480,23.15,38
77606,472.195,23.03,38
77721,611.368,22.909,38
77825,563.883,22.81,38
77928,563.883,22.7,38
78032,558.462,22.6,38
78136,563.883,22.5,38
78239,563.883,22.39,38
78376,328.396,24.261,38
78481,558.462,24.15,38
78583,569.412,24.051,38
78686,569.412,23.961,39
78790,558.462,23.851,39
78904,713.263,23.741,39
79012,651.364,23.63,39
79122,639.413,23.52,39
79230,645.333,23.41,39
79336,663.771,23.311,39
79444,645.333,23.201,39
79554,639.413,23.09,39
79668,509.474,22.97,39
79770,690.059,22.87,39
79876,663.771,22.771,39
79984,651.364,22.66,39
80094,852.55,22.551,39
80208,713.263,22.431,39
80318,745.982,22.32,39
80424,774.4,22.221,39
80543,318.923,24.1,39
80652,745.982,24,40
80758,657.509,23.901,40
80867,645.333,23.791,40
80977,950.4,23.68,40
81082,670.154,23.581,40
81188,876.679,23.47,40
81298,844.8,23.36,40
81403,774.4,23.261,40
81515,837.189,23.151,40
81616,813.12,23.051,40
81728,837.189,22.931,40
81836,860.444,22.831,40
81944,752.889,22.72,40
82050,885.029,22.61,40
82166,318.923,24.5,40
82275,968,24.391,40
82380,893.538,24.28,40
82480,929.28,24.181,40
82584,902.214,24.081,40
82684,929.28,24,41
82796,1046.49,23.89,41
82898,911.059,23.781,41
83002,902.214,23.681,41
83108,876.679,23.572,41
83208,929.28,23.47,41
83310,911.059,23.371,41
83420,1056,23.261,41
83526,986.264,23.161,41
83633,986.264,23.051,41
83737,1005.23,22.941,41
83843,995.657,22.842,41
84028,624,24.652,41
84134,995.657,24.551,41
84241,986.264,24.44,41
84345,1005.23,24.341,41
84451,995.657,24.23,41
84553,1138.82,24.131,41
84661,1085.61,24.02,41
84770,1075.56,23.93,42
84881,1046.49,23.82,42
84982,696.96,23.719,42
85084,1495.13,23.621,42
85186,920.079,23.519,42
85296,633.6,23.41,42
85398,1024.94,23.3,42
85502,1127.77,23.2,42
85608,1106.29,23.09,42
85749,86.4,24.95,42
85854,1216.91,24.85,42
85965,1046.49,24.74,42
86067,1594.35,24.64,42
86176,1290.67,24.531,42
86279,1127.77,24.421,42
86388,1183.11,24.309,42
86496,1411.29,24.209,42
86604,1194.17,24.1,42
86714,1161.6,24,43
86821,1315.02,23.89,43
86921,1161.6,23.79,43
87026,893.538,23.691,43
87225,751.245,25.49,43
87328,1240.54,25.38,43
87430,1265.11,25.28,43
87535,1005.23,25.181,43
87647,1348.29,25.06,43
87748,1393.92,24.96,43
87851,1252.71,24.86,43
87959,1398.22,24.75,43
88064,1327.54,24.65,43
88172,1302.73,24.54,43
88280,1411.29,24.43,43
88389,959.119,24.319,43
88490,1277.76,24.22,43
88607,666.824,26.1,43
88709,1035.09,26,44
88815,986.264,25.911,44
88917,1366.59,25.811,44
89023,1315.02,25.7,44
89132,1385.39,25.591,44
89233,2300.2,25.491,44
89338,1452,25.38,44
89443,1438.17,25.281,44
89551,1411.29,25.171,44
89652,1265.11,25.07,44
89757,995.657,24.961,44
89862,1340.31,24.861,44
89963,1380.12,24.761,44
90066,1480.47,24.661,44
90171,1452,24.551,44
90271,1510.08,24.451,44
90380,2043.56,24.341,44
90483,1240.54,24.241,44
90601,660.35,26.121,44
90711,852.55,26.011,44
90818,1519.85,25.92,45
90918,1626.24,25.821,45
91024,1438.17,25.721,45
91132,1519.85,25.61,45
91233,1510.08,25.511,45
91337,1452,25.401,45
91443,1659.43,25.3,45
91546,1578.87,25.201,45
91654,1613.33,25.091,45
91761,1534.19,24.981,45
91861,1626.24,24.88,45
91966,1563.69,24.779,45
92197,502.857,24.54,45
92393,135.547,26.35,45
92520,548.787,26.22,45
92622,1265.11,26.121,45
92729,1519.85,26.01,45
92833,1787.08,25.93,46
92935,1610.14,25.831,46
93043,1628.41,25.72,46
93146,1691.65,25.621,46
93255,1613.33,25.511,46
93358,1691.65,25.4,46
93465,1753.36,25.3,46
93566,1510.08,25.2,46
93669,1804.43,25.09,46
93773,1804.43,24.99,46
93879,1643.77,24.88,46
93986,1753.36,24.78,46
94087,1725.15,24.671,46
94188,1725.15,24.57,46
94291,1822.12,24.471,46
94392,1626.24,24.37,46
94511,331.68,26.25,46
94791,882.971,25.99,47
95000,2513.08,25.78,47
95105,1738.67,25.68,47
95207,1610.14,25.571,47
95307,1626.24,25.471,47
95412,1675.38,25.37,47
95518,1880.69,25.261,47
95618,1742.4,25.161,47
95719,1626.24,25.061,47
95825,1753.36,24.961,47
95928,1822.12,24.85,47
96034,1770.06,24.751,47
96138,2345.54,24.64,47
96245,1643.77,24.541,47
96354,1705.1,24.43,47
96460,1659.43,24.32,47
96567,1753.36,24.221,47
96669,1822.12,24.111,47
96772,1594.35,24.01,47
96876,2010.46,23.92,48
96980,1466.1,23.81,48
97082,2049.88,23.71,48
97184,1840.16,23.609,48
97284,1974.72,23.51,48
97385,1610.14,23.41,48
97489,1340.31,23.3,48
97597,1845.53,23.2,48
97697,1974.72,23.1,48
97800,1708.24,22.99,48
97907,1534.19,22.89,48
98010,1804.43,22.779,48
98113,1917.2,22.68,48
98219,2212.57,22.569,48
98320,1742.4,22.47,48
98421,1725.15,22.369,48
98579,490.435,24.21,48
98681,1610.14,24.11,48
98781,1974.72,24.01,48
98886,1675.38,23.92,49
98986,1626.24,23.82,49
99087,1510.08,23.71,49
99195,1720.89,23.611,49
99296,1742.4,23.511,49
99400,1917.2,23.4,49
99505,1880.69,23.3,49
99611,1534.19,23.19,49
99866,320.126,22.94,49
99968,5865.5,22.83,49
100073,1770.06,22.73,49
100176,1822.12,22.63,49
100276,1858.56,22.53,49
100382,1548.8,22.42,49
100484,1594.35,22.32,49
100596,1970.57,22.21,49
100702,1205.43,22.101,49
100835,992.97,21.981,50
100938,3270.27,21.871,50
101080,532.075,23.731,50
101187,1643.77,23.632,50
101291,1675.38,23.522,50
101395,1804.43,23.421,50
101499,2481.09,23.312,50
101599,1626.24,23.211,50
101708,1705.1,23.101,50
101808,1742.4,23.001,50
101912,1804.43,22.901,50
102015,1691.65,22.801,50
102126,1779.03,22.692,50
102226,1626.24,22.591,50
102338,1866.86,22.471,50
102445,1736.97,22.371,50
102552,1862.94,22.261,50
102697,869.029,24.112,50
102802,1787.08,24.011,50
102909,1736.97,23.92,51
103009,1742.4,23.82,51
103115,1753.36,23.72,51
103220,1787.08,23.611,51
103327,1753.36,23.51,51
103433,1753.36,23.401,51
103598,765.692,25.231,51
103709,1779.03,25.12,51
103814,1787.08,25.02,51
103914,2090.88,24.92,51
104017,1822.12,24.82,51
104117,1742.4,24.72,51
104223,1770.06,24.61,51
104329,1753.36,24.5,51
104435,1753.36,24.401,51
104541,1770.06,24.291,51
104641,1742.4,24.191,51
104747,1770.06,24.081,51
104853,1753.36,24,52
104959,1880.69,23.89,52
105067,1720.89,23.79,52
105226,1090.29,25.63,52
105332,1753.36,25.519,52
105438,1770.06,25.41,52
105545,1753.36,25.31,52
105650,1770.06,25.201,52
105750,1742.4,25.1,52
105856,1770.06,25,52
105962,1753.36,24.89,52
106068,1770.06,24.781,52
106168,1858.56,24.68,52
106285,1080,26.571,52
106391,1770.06,26.46,52
106497,1770.06,26.36,52
106603,1770.06,26.251,52
106709,1770.06,26.14,52
106815,1753.36,26.04,52
106921,1770.06,25.94,53
107021,1742.4,25.841,53
107127,1753.36,25.74,53
107227,1858.56,25.631,53
107333,1770.06,25.531,53
107450,1090.29,27.41,53
107550,1742.4,27.31,53
107655,1787.08,27.21,53
107755,1742.4,27.11,53
107861,1770.06,27.001,53
107967,1770.06,26.9,53
108073,1753.36,26.791,53
108179,1770.06,26.68,53
108279,1742.4,26.58,53
108380,1858.56,26.481,53
108485,1770.06,26.38,53
108591,1770.06,26.27,53
108710,1060,28.151,53
108814,1787.08,28.051,53
108916,1725.15,27.971,54
109020,1787.08,27.861,54
109125,1675.38,27.761,54
109229,1787.08,27.651,54
109331,1822.12,27.552,54
109437,1770.06,27.441,54
109538,1858.56,27.341,54
109640,1725.15,27.241,54
109744,1563.69,27.141,54
109847,1014.99,27.041,54
109948,1742.4,26.931,54
110050,1708.24,26.831,54
110153,2368.31,26.732,54
110270,213.386,28.611,54
110373,1578.87,28.511,54
110476,1822.12,28.411,54
110578,2163.76,28.3,54
110680,1495.13,28.201,54
110784,1466.1,28.101,54
110886,2163.76,28.001,54
110986,1626.24,27.921,55
111092,1659.43,27.81,55
111196,2122.15,27.711,55
111302,1880.69,27.601,55
111411,1398.22,27.491,55
111512,1955.17,27.391,55
111652,654,29.251,55
111755,1138.82,29.151,55
111860,2904,29.04,55
111966,1205.43,28.941,55
112072,1880.69,28.83,55
112175,2049.88,28.731,55
112285,1478.4,28.621,55
112392,1972.53,28.511,55
112494,1708.24,28.411,55
112602,1720.89,28.3,55
112705,1708.24,28.201,55
112807,1840.16,28.1,55
112910,1691.65,28,56
113011,1840.16,27.91,56
113116,1787.08,27.81,56
113220,1787.08,27.7,56
113388,751.245,29.53,56
113493,1675.38,29.43,56
113598,1675.38,29.32,56
113700,1366.59,29.221,56
113938,749.097,28.98,56
114042,4591.84,28.881,56
114148,1534.19,28.77,56
114248,1742.4,28.67,56
114352,1898.77,28.57,56
114456,1578.87,28.47,56
114559,1822.12,28.36,56
114666,1519.85,28.261,56
114859,322.019,30.06,56
114969,1598.53,29.97,57
115071,2049.88,29.871,57
115172,1393.92,29.77,57
115272,2207.04,29.671,57
115376,1804.43,29.571,57
115478,1480.47,29.461,57
115581,2163.76,29.361,57
115682,1610.14,29.261,57
115790,1628.41,29.15,57
115893,1594.35,29.05,57
115999,1659.43,28.941,57
116107,1519.85,28.841,57
116218,1360.43,28.721,57
116321,2029.98,28.621,57
116424,1594.35,28.521,57
116530,1205.43,28.41,57
116634,1466.1,28.311,57
116739,1770.06,28.201,57
116905,885.903,30.041,57
117009,1452,29.95,58
117118,860.444,29.84,58
117219,1610.14,29.74,58
117323,1578.87,29.64,58
117426,1691.65,29.541,58
117528,805.069,29.431,58
117628,1626.24,29.331,58
117732,1127.77,29.231,58
117835,1240.54,29.13,58
117940,1777.38,29.021,58
118070,184.205,30.89,58
118176,1205.43,30.791,58
118278,1495.13,30.68,58
118380,1936,30.58,58
118483,1138.82,30.48,58
118590,1315.02,30.37,58
118690,1277.76,30.27,58
118792,1138.82,30.171,58
118902,1172.26,30.06,58
119002,1161.6,29.98,59
119104,1366.59,29.88,59
119206,1380.12,29.781,59
119317,844.8,29.67,59
119424,1085.61,29.56,59
119526,1138.82,29.46,59
119680,711,31.301,59
119799,976.134,31.181,59
119910,633.6,31.07,59
120013,1024.94,30.971,59
120119,1424.6,30.86,59
120220,1045.44,30.761,59
120330,950.4,30.65,59
120432,1024.94,30.55,59
120545,1037.14,30.44,59
120652,986.264,30.331,59
120754,1024.94,30.231,59
120866,1046.49,30.121,59
120982,1001.38,30,60
121092,852.55,29.901,60
121197,893.538,29.801,60
121299,911.059,29.691,60
121408,852.55,29.581,60
121514,876.679,29.481,60
121619,893.538,29.371,60
121724,885.029,29.271,60
121847,94.6286,31.141,60
121953,885.029,31.041,60
122056,797.176,30.941,60
122168,837.189,30.821,60
123006,239.58,30,61
123119,4493.88,29.89,61
123228,752.889,29.781,61
123342,616.779,29.67,61
123452,739.2,29.56,61
123568,404.035,29.441,61
123682,616.779,29.331,61
123791,745.982,29.22,61
123901,528,29.11,61
124018,595.692,28.99,61
124137,590.644,28.881,61
124258,576,28.749,61
124369,633.6,28.64,61
124473,446.769,28.54,61
124579,442.514,28.431,61
124685,438.34,28.33,61
124791,438.34,28.22,61
124909,492.203,28.1,61
125015,442.514,28,62
125121,442.514,27.9,62
125228,438.34,27.791,62
125333,442.514,27.69,62
125439,442.514,27.58,62
125559,390.454,27.461,62
125678,295.322,27.341,62
125798,290.4,27.221,62
125917,295.322,27.101,62
126036,295.322,26.99,62
126156,292.84,26.87,62
126275,295.322,26.75,62
126394,292.84,26.63,62
126517,283.317,26.5,62
126626,860.444,26.401,62
126735,968,26.29,62
126841,986.264,26.181,62
126949,977.047,26.071,62
127075,618.327,27.971,63
127184,968,27.86,63
127290,986.264,27.75,63
127397,977.047,27.641,63
127508,950.4,27.53,63
127622,925.168,27.42,63
127725,911.059,27.321,63
127830,1116.92,27.21,63
127939,852.55,27.1,63
128047,977.047,26.991,63
128147,929.28,26.901,63
128251,902.214,26.791,63
128361,950.4,26.681,63
128469,977.047,26.571,63
128581,933.429,26.46,63
128686,893.538,26.36,63
128797,941.838,26.241,63
128898,929.28,26.14,63
129011,1027.96,26.031,63
129113,911.059,25.951,64
129224,950.4,25.84,64
129336,941.838,25.731,64
129439,902.214,25.621,64
129544,1005.23,25.521,64
129653,852.55,25.41,64
129766,933.429,25.301,64
129871,774.4,25.191,64
130394,155.472,24.671,64
130499,5026.15,24.56,64
130609,950.4,24.451,64
130718,852.55,24.34,64
130825,986.264,24.241,64
130927,920.079,24.141,64
131041,917.053,24.02,64
131142,929.28,23.941,65
131263,426.514,25.821,65
131367,902.214,25.72,65
131473,876.679,25.61,65
131588,917.053,25.49,65
131690,911.059,25.39,65
131796,885.029,25.29,65
131896,929.28,25.19,65
132003,876.679,25.08,65
132107,893.538,24.97,65
132208,920.079,24.87,65
132315,986.264,24.77,65
132421,876.679,24.661,65
132523,805.069,24.56,65
132634,941.838,24.45,65
132736,1035.09,24.35,65
132843,876.679,24.24,65
132949,876.679,24.13,65
133054,885.029,24.031,65
133163,860.444,23.931,66
133266,902.214,23.83,66
133373,876.679,23.72,66
133481,968,23.611,66
133594,829.714,23.5,66
133714,527.103,25.38,66
133823,860.444,25.27,66
133931,860.444,25.16,66
134040,860.444,25.051,66
134149,860.444,24.94,66
134256,868.486,24.831,66
134365,860.444,24.73,66
134474,860.444,24.62,66
134584,959.119,24.511,66
134695,837.189,24.401,66
134805,844.8,24.29,66
134917,837.189,24.18,66
135068,517.431,26.02,66
135179,844.8,25.92,67
135291,837.189,25.811,67
135401,844.8,25.7,67
135512,844.8,25.591,67
135622,844.8,25.481,67
135736,925.168,25.37,67
135848,829.714,25.25,67
135949,813.12,25.15,67
136062,822.372,25.04,67
136175,829.714,24.929,67
136275,813.12,24.83,67
136388,829.714,24.71,67
136488,813.12,24.61,67
136601,822.372,24.5,67
136713,829.714,24.389,67
136817,789.437,24.28,67
136929,933.429,24.17,67
137084,503.571,26.021,67
137186,805.069,25.931,68
137288,805.069,25.821,68
137390,797.176,25.72,68
137491,805.069,25.62,68
137597,774.4,25.52,68
137698,805.069,25.411,68
137812,713.263,25.3,68
137926,822.372,25.191,68
138027,805.069,25.081,68
138133,553.143,24.981,68
138246,616.779,24.87,68
138350,676.66,24.762,68
138454,558.462,24.66,68
138562,645.333,24.551,68
138681,590.644,24.431,68
138785,670.154,24.331,68
138893,752.889,24.221,68
138998,446.769,24.111,68
139110,622.286,24.001,68
139228,595.692,23.9,69
139332,446.769,23.8,69
139478,480.662,23.65,69
139588,426.275,23.54,69
139702,411.186,23.43,69
139806,446.769,23.33,69
139926,387.2,23.21,69
140049,476.066,23.081,69
140174,655.742,22.96,69
140281,434.243,22.85,69
140396,303.026,22.74,69
140514,297.846,22.62,69
140630,300.414,22.5,69
140744,305.684,22.389,69
140863,292.84,22.27,69
140977,305.684,22.151,69
141096,295.322,22.04,69
141213,300.414,21.93,70
141329,300.414,21.81,70
141438,430.222,21.701,70
141549,316.8,21.591,70
141684,344.178,21.46,70
141817,349.353,21.331,70
141924,328.755,21.22,70
142058,349.353,21.081,70
142162,335.077,20.981,70
142266,338.33,20.881,70
142369,338.33,20.77,70
142495,368.762,20.651,70
142604,426.275,20.541,70
142710,442.514,20.43,70
142835,374.71,20.31,70
142959,374.71,20.18,70
143085,368.762,20.06,70
143270,211.294,21.89,71
143393,377.756,21.77,71
143518,374.71,21.641,71
143642,374.71,21.521,71
143752,532.844,21.41,71
143868,400.552,21.291,71
143977,430.222,21.181,71
144089,414.857,21.071,71
144203,411.186,20.96,71
144315,418.595,20.85,71
144427,414.857,20.73,71
144540,414.857,20.62,71
144653,411.186,20.51,71
144766,414.857,20.4,71
144870,558.462,20.29,71
144973,455.529,20.191,71
145077,451.107,20.091,71
145180,451.107,20,72
145283,451.107,19.899,72
145387,446.769,19.79,72
145490,455.529,19.69,72
145593,451.107,19.589,72
145697,451.107,19.48,72
145800,451.107,19.379,72
145904,451.107,19.28,72
146023,585.681,19.159,72
146142,488.067,19.04,72
146261,492.203,18.92,72
146380,488.067,18.799,72
146501,484,18.68,72
146618,500.69,18.559,72
146737,488.067,18.44,72
146858,480,18.32,72
146977,492.203,18.2,72
147156,309.981,20.029,72
147265,532.844,19.93,73
147376,528,19.82,73
147486,528,19.71,73
147598,523.243,19.589,73
147701,341.647,19.49,73
147815,509.474,19.379,73
147917,569.412,19.27,73
148018,464.64,19.17,73
148124,547.925,19.071,73
148241,600.828,18.95,73
148345,558.462,18.85,73
148452,542.804,18.74,73
148558,657.509,18.63,73
148661,455.529,18.531,73
148764,569.412,18.43,73
148865,575.05,18.33,73
148975,528,18.22,73
149078,563.883,18.109,73
149180,575.05,18.011,73
149292,622.286,17.91,74
149411,590.644,17.791,74
149527,600.828,17.671,74
149638,633.6,17.56,74
149755,595.692,17.451,74
149860,893.538,17.341,74
149985,650.496,17.22,74
150097,523.243,17.11,74
150212,606.052,16.991,74
150328,580.138,16.87,74
150458,478.034,18.741,74
150564,553.143,18.641,74
150669,663.771,18.53,74
150778,645.333,18.42,74
150888,639.413,18.311,74
150999,627.892,18.2,74
151106,651.364,18.101,74
151216,639.413,18,75
151319,563.883,17.89,75
151427,645.333,17.79,75
151632,298.811,19.58,75
151734,797.176,19.48,75
151849,606.052,19.36,75
151960,837.189,19.25,75
152074,616.779,19.141,75
152180,663.771,19.03,75
152282,683.294,18.931,75
152385,683.294,18.831,75
152489,670.154,18.721,75
152594,781.846,18.62,75
152697,676.66,18.511,75
152813,808.07,18.401,75
152927,719.575,18.281,75
153040,719.575,18.17,75
153154,719.575,18.06,75
153268,719.575,17.961,76
153382,713.263,17.851,76
153496,719.575,17.741,76
153610,719.575,17.621,76
153723,719.575,17.511,76
153838,713.263,17.391,76
153949,844.8,17.281,76
154057,752.889,17.171,76
154230,439.216,19.001,76
154338,759.925,18.891,76
154446,752.889,18.791,76
154555,745.982,18.681,76
154663,759.925,18.572,76
154771,752.889,18.46,76
154946,439.059,20.291,76
155053,767.094,20.181,76
155156,911.059,20.081,76
155259,789.437,19.99,77
155362,789.437,19.89,77
155465,797.176,19.79,77
155569,781.846,19.681,77
155671,797.176,19.58,77
155773,797.176,19.48,77
155876,789.437,19.381,77
155983,759.925,19.27,77
156097,815.158,19.15,77
156264,503.571,20.99,77
156374,844.8,20.88,77
156486,829.714,20.77,77
156598,837.189,20.65,77
156710,829.714,20.54,77
156823,829.714,20.431,77
156936,829.714,20.321,77
157047,837.189,20.201,77
157159,829.714,20.09,77
157271,837.189,19.991,78
157382,950.4,19.88,78
157494,829.714,19.77,78
157597,911.059,19.67,78
157704,868.486,19.561,78
157813,860.444,19.451,78
157919,876.679,19.34,78
158027,868.486,19.241,78
158146,527.103,21.121,78
158252,885.029,21.011,78
158360,868.486,20.901,78
158468,968,20.791,78
158578,852.55,20.68,78
158688,844.8,20.571,78
158797,852.55,20.46,78
158908,844.8,20.35,78
159019,837.189,20.241,78
159128,860.444,20.131,78
159236,868.486,20.031,78
159350,822.372,19.921,79
159458,860.444,19.81,79
159569,844.8,19.7,79
159679,852.55,19.591,79
159788,645.333,19.48,79
159890,911.059,19.381,79
160007,600.828,19.27,79
160125,885.966,19.151,79
160238,616.779,19.03,79
160352,822.372,18.921,79
160456,1005.23,18.821,79
160558,683.294,18.711,79
160667,745.982,18.601,79
160771,789.437,18.501,79
160887,1301.79,18.381,79
160993,657.509,18.28,79
161107,815.158,18.16,79
161219,732.541,18.051,79
161324,781.846,17.96,80
161430,774.4,17.85,80
161532,797.176,17.75,80
161643,739.2,17.64,80
161748,774.4,17.53,80
161856,759.925,17.43,80
161968,837.189,17.31,80
162079,739.2,17.2,80
162193,713.263,17.089,80
162305,518.571,16.98,80
162423,984.407,16.86,80
162528,670.154,16.75,80
162638,745.982,16.639,80
162751,726,16.53,80
162852,690.059,16.43,80
162968,801.103,16.31,80
163079,739.2,16.2,80
163199,580.8,16.08,80
163306,868.486,15.99,81
163411,648.381,15.88,81
163530,422.491,17.761,81
163631,690.059,17.66,81
163733,690.059,17.561,81
163834,690.059,17.461,81
163936,690.059,17.361,81
164038,690.059,17.25,81
164139,690.059,17.151,81
164248,752.889,17.04,81
164356,651.364,16.941,81
164464,645.333,16.83,81
164572,651.364,16.72,81
164680,651.364,16.61,81
164789,645.333,16.5,81
164898,639.413,16.391,81
165003,663.771,16.29,81
165112,645.333,16.18,81
165219,651.364,16.071,81
165334,713.263,15.981,82
165537,389.426,17.771,82
165653,606.052,17.661,82
165768,606.052,17.541,82
165883,611.368,17.431,82
165997,611.368,17.311,82
166112,606.052,17.201,82
166228,606.052,17.08,82
166342,611.368,16.971,82
166463,677.6,16.851,82
166565,569.412,16.751,82
166668,569.412,16.641,82
166771,563.883,16.541,82
166874,569.412,16.441,82
166976,569.412,16.341,82
167081,558.462,16.231,82
167183,569.412,16.131,82
167285,575.05,16.031,82
167389,558.462,15.94,83
167491,575.05,15.84,83
167599,645.333,15.73,83
167712,518.571,15.62,83
167820,537.778,15.509,83
167931,528,15.4,83
168041,528,15.29,83
168162,480,15.17,83
168269,434.243,15.06,83
168383,513.982,14.95,83
168498,505.043,14.83,83
168608,528,14.72,83
168723,611.368,14.61,83
168855,440,14.48,83
168962,657.509,14.37,83
169092,268.062,14.239,83
169193,805.069,14.139,83
169309,505.043,14.02,83
169410,460.04,13.93,84
169513,451.107,13.83,84
169629,500.69,13.71,84
169736,438.34,13.61,84
169844,651.364,13.499,84
169959,404.035,13.38,84
170062,341.647,13.28,84
170181,585.681,13.16,84
170323,199.556,15.02,84
170451,453.75,14.889,84
170553,460.04,14.79,84
170659,438.34,14.68,84
170763,451.107,14.58,84
170864,464.64,14.481,84
170977,513.982,14.36,84
171105,365.858,14.239,84
171213,325.682,14.131,84
171343,357.415,14,85
171454,633.6,13.9,85
171594,331.886,13.76,85
171705,422.4,13.651,85
171838,436.692,13.511,85
171948,426.275,13.4,85
172071,380.852,13.28,85
172193,476.066,13.16,85
172296,341.647,13.06,85
172397,345.03,12.951,85
172527,360.186,12.83,85
172657,357.415,12.69,85
172784,365.858,12.57,85
172911,365.858,12.441,85
173028,400.552,12.321,85
173144,303.026,12.211,85
173258,407.579,12.09,85
173377,390.454,11.981,86
173477,348.48,11.88,86
173588,316.8,11.77,86
173688,348.48,11.669,86
173808,390.454,11.55,86
173915,325.682,11.45,86
174024,319.706,11.34,86
174128,335.077,11.23,86
174236,322.667,11.13,86
174342,328.755,11.02,86
174465,380.852,10.9,86
174588,285.639,10.771,86
174710,285.639,10.65,86
174834,283.317,10.53,86
174957,285.639,10.41,86
175078,288,10.281,86
175201,283.317,10.16,86
175324,283.317,10.04,86
175447,285.639,9.929,87
175589,327.211,9.78,87
175733,243.692,9.64,87
175875,245.408,9.5,87
176017,245.408,9.359,87
176161,243.692,9.21,87
176303,247.149,9.07,87
176445,245.408,8.93,87
176589,243.692,8.78,87
176703,308.389,8.67,87
176816,205.593,8.56,87
176930,205.593,8.44,87
177044,205.593,8.33,87
177157,205.593,8.22,87
177271,203.789,8.1,87
177385,205.593,8,88
177498,205.593,7.89,88
177612,205.593,7.78,88
177726,205.593,7.671,88
177868,245.408,7.52,88
178008,167.137,7.381,88
178150,164.766,7.241,88
178291,164.766,7.101,88
178432,165.943,6.96,88
178574,163.606,6.821,88
178715,165.943,6.68,88
178857,164.766,6.541,88
179016,219.17,6.381,88
179174,147.975,6.22,88
179332,147.038,6.06,88
179491,146.113,5.921,89
179753,60.2667,7.661,89
179909,148.923,7.501,89
180071,143.407,7.341,89
180241,206.201,7.17,89
180398,148.923,7.011,89
180556,147.038,6.86,89
180703,159.123,6.71,89
180864,145.2,6.55,89
181021,147.975,6.39,89
181173,152.842,6.241,89
181340,209.928,6.071,89
181489,155.919,5.941,90
181640,153.854,5.791,90
181798,147.975,5.631,90
181949,153.854,5.481,90
182103,150.857,5.331,90
182252,156.973,5.18,90
182410,220.557,5.021,90
182564,151.843,4.871,90
182718,151.843,4.721,90
182868,154.88,4.561,90
183018,154.88,4.411,90
183128,159.56,4.301,90
183255,85.7931,6.181,90
183408,152.842,6.021,90
183560,230.781,5.89,91
183711,153.854,5.74,91
183862,154.88,5.59,91
184013,153.854,5.44,91
184163,154.88,5.291,91
184314,154.88,5.14,91
184466,153.854,4.991,91
184617,154.88,4.841,91
184767,232.32,4.691,91
184915,156.973,4.541,91
185064,155.919,4.391,91
185213,155.919,4.24,91
185363,155.919,4.091,91
185511,156.973,3.961,92
185661,155.919,3.811,92
185808,237.061,3.66,92
185955,158.041,3.521,92
186105,155.919,3.37,92
186234,155.062,3.241,92
186357,88.8571,5.12,92
186505,158.041,4.971,92
186654,155.919,4.821,92
186798,161.333,4.671,92
186945,238.685,4.531,92
187094,155.919,4.381,92
187236,164.766,4.24,92
187382,159.123,4.091,92
187528,160.221,3.96,93
187673,161.333,3.82,93
187803,88.8571,5.69,93
187948,161.333,5.54,93
188093,242,5.4,93
188225,161.455,5.27,93
188347,90.4727,7.15,93
188491,162.462,7,93
188635,162.462,6.86,93
188779,161.333,6.71,93
188923,162.462,6.57,93
189066,163.606,6.429,93
189209,245.408,6.281,93
189351,164.766,6.14,93
189493,163.606,6,94
189635,163.606,5.87,94
189777,164.766,5.731,94
189919,163.606,5.58,94
190061,163.606,5.44,94
190203,164.766,5.301,94
190357,226.286,5.151,94
190502,160.221,5.001,94
190645,162.462,4.86,94
190777,163.298,4.73,94
190914,79.616,6.59,94
191055,164.766,6.451,94
191199,162.462,6.301,94
191338,168.348,6.171,94
191484,238.685,6.021,94
191621,170.824,5.89,95
191754,176,5.761,95
191905,154.88,5.611,95
192039,173.373,5.471,95
192176,169.577,5.341,95
192318,164.766,5.19,95
192453,173.373,5.06,95
192597,162.462,4.921,95
192730,264,4.78,95
192870,165.943,4.641,95
193007,170.824,4.51,95
193126,93.0093,6.39,95
193264,169.577,6.25,95
193405,165.943,6.111,95
193540,172.089,5.99,96
193677,169.577,5.86,96
193814,256.235,5.72,96
193951,169.577,5.58,96
194087,172.089,5.449,96
194224,169.577,5.31,96
194333,171.704,5.2,96
194454,92.1481,7.08,96
194589,173.373,6.94,96
194726,169.577,6.81,96
194862,172.089,6.669,96
194997,258.133,6.531,96
195132,173.373,6.399,96
195267,172.089,6.27,96
195401,174.677,6.129,96
195552,93.0093,7.99,97
195687,173.373,7.859,97
195825,168.348,7.719,97
195957,177.344,7.59,97
196092,260.06,7.45,97
196223,177.344,7.32,97
196357,174.677,7.189,97
196490,174.677,7.05,97
196623,176,6.92,97
196751,175.055,6.79,97
196868,93.8868,8.671,97
197002,173.373,8.54,97
197135,264,8.409,97
197268,174.677,8.271,97
197400,177.344,8.14,97
197534,173.373,8.01,97
197656,94.781,9.899,98
197788,177.344,9.76,98
197921,174.677,9.629,98
198054,176,9.501,98
198186,177.344,9.37,98
198318,266.015,9.23,98
198449,177.344,9.1,98
198633,93.0093,10.921,98
198762,180.093,10.79,98
198893,177.344,10.661,98
199025,176,10.53,98
199158,176,10.39,98
199287,181.5,10.27,98
199417,268.062,10.14,98
199547,180.093,10.01,98
199678,177.344,9.882,99
199806,181.5,9.761,99
199936,180.093,9.631,99
200066,178.708,9.501,99
200183,94.781,11.381,99
200313,180.093,11.251,99
200461,156.973,11.101,99
200585,283.317,10.981,99
200724,167.137,10.841,99
200847,190.426,10.721,99
200980,176,10.582,99
201114,173.373,10.451,99
201224,213.138,10.342,99
201362,169.577,10.201,99
201488,184.381,10.071,99
201619,178.708,9.951,100
201740,290.4,9.831,100
201870,180.093,9.701,100
201999,180.093,9.571,100
202121,192,9.451,100
202251,180.093,9.32,100
202456,84.2712,11.121,100
202585,180.093,10.99,100
202708,190.426,10.871,100
202834,276.571,10.741,100
202963,180.093,10.611,100
203090,184.381,10.481,100
203214,188.878,10.361,100
203338,187.355,10.231,100
203448,211.2,10.121,100
203574,185.856,10.001,100
203700,184.381,9.89,101
203825,185.856,9.771,101
203951,185.856,9.64,101
204076,278.784,9.52,101
204201,187.355,9.391,101
204326,185.856,9.271,101
204451,187.355,9.14,101
204576,185.856,9.02,101
204701,185.856,8.891,101
204826,185.856,8.77,101
204951,187.355,8.64,101
205076,185.856,8.52,101
205199,285.639,8.391,101
205321,188.496,8.271,101
205433,99.44,10.161,101
205557,187.355,10.041,101
205681,188.878,9.929,102
205804,190.426,9.809,102
205928,187.355,9.68,102
206052,188.878,9.56,102
206175,190.426,9.439,102
206298,285.639,9.319,102
206420,190.426,9.19,102
206543,190.426,9.07,102
206669,184.381,8.94,102
206787,196.881,8.83,102
206910,190.426,8.7,102
207032,192,8.58,102
207154,190.426,8.46,102
207276,190.426,8.34,102
207398,288,8.211,102
207521,190.426,8.09,102
207640,195.227,7.991,103
207762,192,7.871,103
207882,193.6,7.751,103
208006,188.878,7.63,103
208126,193.6,7.511,103
208246,193.6,7.391,103
208446,99.52,9.191,103
208564,295.322,9.071,103
208685,193.6,8.951,103
208805,195.227,8.831,103
208925,193.6,8.71,103
209045,195.227,8.59,103
209164,195.227,8.47,103
209285,193.6,8.351,103
209404,195.227,8.231,103
209554,99.52,10.08,103
209659,331.886,9.98,104
209766,217.121,9.88,104
209874,217.121,9.77,104
209979,221.257,9.661,104
210085,219.17,9.56,104
210193,217.121,9.45,104
210298,221.257,9.34,104
210427,181.5,9.221,104
210558,90.4727,11.08,104
210666,215.111,10.981,104
210772,221.257,10.87,104
210875,455.529,10.769,104
210989,305.684,10.649,104
211104,305.684,10.54,104
211219,303.026,10.42,104
211325,307.321,10.32,104
211473,158.588,12.171,104
211586,308.389,12.06,104
211702,303.026,11.95,105
211817,305.684,11.839,105
212012,181.244,13.64,105
212129,397.128,13.52,105
212249,390.454,13.4,105
212455,181.244,15.2,105
212572,397.128,15.08,105
212693,387.2,14.96,105
212811,393.763,14.84,105
212923,380.613,14.73,105
213043,196.073,16.611,105
213144,464.64,16.51,105
213247,451.107,16.4,105
213358,422.4,16.289,105
213465,651.364,16.19,105
213584,488.067,16.07,105
213685,464.64,15.98,106
214771,21.412,14.89,106
214964,328.554,16.701,106
215073,537.778,16.591,106
215178,331.886,16.48,106
215286,542.804,16.382,106
215452,91.3028,18.211,106
215566,616.779,18.101,106
215667,575.05,18.002,106
215870,403.604,19.81,107
215978,651.364,19.7,107
216086,651.364,19.6,107
216194,645.333,19.491,107
216304,639.413,19.38,107
216422,430.769,21.26,107
216535,829.714,21.15,107
216649,719.575,21.031,107
216759,633.6,20.92,107
216898,298.955,22.78,107
217002,789.437,22.68,107
217113,627.892,22.57,107
217227,719.575,22.461,107
217330,789.437,22.35,107
217433,917.882,22.25,107
217556,607.429,24.131,107
217670,822.372,24.01,107
217786,808.07,23.921,108
217897,837.189,23.811,108
218089,503.571,25.611,108
218203,822.372,25.501,108
218303,813.12,25.401,108
218430,640.252,25.272,108
218538,752.889,25.161,108
218656,694.974,25.051,108
218761,1106.29,24.941,108
218872,844.8,24.831,108
218977,893.538,24.731,108
219083,876.679,24.621,108
219225,358.272,26.481,108
219328,1127.77,26.371,108
219438,528,26.261,108
219541,1024.94,26.161,108
219654,1233.56,26.051,108
219771,794.256,25.95,109
219872,696.96,25.851,109
219974,911.059,25.751,109
220087,1140.86,25.631,109
220192,1340.31,25.531,109
220316,562.065,25.41,109
220421,1005.23,25.3,109
220747,544.589,24.971,109
220860,2437.95,24.861,109
220968,1194.17,24.75,109
221074,1095.85,24.651,109
221178,670.154,24.54,109
221280,1495.13,24.441,109
221393,1140.86,24.331,109
221509,901.241,24.211,109
221615,767.094,24.11,109
221724,1705.1,24,110
221835,950.4,23.901,110
221944,1065.69,23.791,110
222053,1075.56,23.681,110
222170,1191.38,23.56,110
222278,1183.11,23.451,110
222384,1216.91,23.351,110
222501,1101.52,23.23,110
222611,1267.2,23.121,110
222716,1005.23,23.021,110
222824,1183.11,22.911,110
222935,1267.2,22.801,110
223037,1252.71,22.691,110
223139,1024.94,22.59,110
223242,1366.59,22.49,110
223348,1327.54,22.38,110
223451,1252.71,22.281,110
223555,1240.54,22.18,110
223665,1161.6,22.071,110
223769,1353.32,21.981,111
223875,1205.43,21.881,111
223978,1252.71,21.77,111
224082,1240.54,21.671,111
224187,1216.91,21.561,111
224336,885.903,23.421,111
224440,1340.31,23.311,111
224545,1340.31,23.21,111
224650,1327.54,23.1,111
224754,1353.32,23.001,111
224856,1252.71,22.901,111
224962,995.657,22.791,111
225071,1278.83,22.68,111
225182,1360.43,22.57,111
225286,1228.62,22.471,111
225389,1480.47,22.361,111
225498,1811.67,22.251,111
225603,1438.17,22.151,111
225706,1466.1,22.051,111
225813,1424.6,21.961,112
225920,1411.29,21.85,112
226027,1411.29,21.751,112
226132,1438.17,21.641,112
226241,1398.22,21.53,112
226348,1315.02,21.42,112
226454,995.657,21.32,112
226556,1366.59,21.221,112
226658,1495.13,21.11,112
226761,1578.87,21.011,112
226867,2101.94,20.901,112
226974,1194.17,20.8,112
227079,1787.08,20.69,112
227180,813.12,20.591,112
227284,1675.38,20.491,112
227388,2142.76,20.38,112
227492,1466.1,20.281,112
227598,1548.8,20.171,112
227699,1510.08,20.071,112
227801,920.079,19.99,113
227915,213.386,21.881,113
228021,2301.28,21.77,113
228124,1594.35,21.67,113
228225,1610.14,21.571,113
228328,1594.35,21.461,113
228430,1594.35,21.36,113
228534,1353.32,21.261,113
228636,1495.13,21.16,113
228745,1505.78,21.051,113
228848,1594.35,20.94,113
228952,1228.62,20.841,113
229053,2207.04,20.74,113
229156,1366.59,20.64,113
229262,1548.8,20.53,113
229367,1880.69,20.421,113
229473,1548.8,20.319,113
229577,1578.87,20.22,113
229681,1675.38,20.11,113
229782,1840.16,20.011,113
229889,2496.9,19.921,114
229990,1393.92,19.82,114
230094,1804.43,19.72,114
230198,1787.08,19.611,114
230299,1742.4,19.51,114
230405,1753.36,19.41,114
230523,680.16,21.29,114
230626,1804.43,21.19,114
230728,1725.15,21.081,114
230834,1770.06,20.98,114
230935,1858.56,20.88,114
231038,1708.24,20.769,114
231143,1770.06,20.67,114
231246,1822.12,20.57,114
231352,1753.36,20.46,114
231457,1898.77,20.361,114
231558,1725.15,20.25,114
231659,1626.24,20.15,114
231763,1675.38,20.05,114
231866,1936,19.961,115
231969,1708.24,19.85,115
232074,1770.06,19.751,115
232179,1898.77,19.641,115
232284,1787.08,19.541,115
232385,1725.15,19.441,115
232580,673.426,21.241,115
232684,1787.08,21.141,115
232786,1708.24,21.04,115
232889,1822.12,20.931,115
232989,2090.88,20.831,115
233090,1742.4,20.731,115
233196,1753.36,20.631,115
233301,1770.06,20.521,115
233407,1770.06,20.411,115
233557,1090.29,22.261,115
233663,1770.06,22.161,115
233769,1753.36,22.05,115
233876,1753.36,21.97,116
233981,1770.06,21.86,116
234081,1742.4,21.76,116
234187,1770.06,21.65,116
234293,1770.06,21.551,116
234401,1736.97,21.439,116
234505,1787.08,21.34,116
234612,1862.94,21.23,116
234713,1742.4,21.13,116
234819,1770.06,21.02,116
234924,1770.06,20.92,116
235030,1753.36,20.81,116
235136,1770.06,20.709,116
235330,331.68,22.51,116
235430,1742.4,22.41,116
235535,1770.06,22.31,116
235641,1770.06,22.201,116
235741,1858.56,22.1,116
235842,1725.15,22,117
235948,1770.06,21.901,117
236052,1675.38,21.801,117
236152,1858.56,21.701,117
236253,1742.4,21.601,117
236354,1742.4,21.501,117
236457,1804.43,21.391,117
236557,1742.4,21.291,117
236665,1720.89,21.191,117
236783,1080,23.071,117
236884,1858.56,22.971,117
236988,1787.08,22.86,117
237094,1770.06,22.761,117
237198,1691.65,22.651,117
237303,1548.8,22.551,117
237407,1691.65,22.451,117
237508,1840.16,22.341,117
237613,2010.46,22.241,117
237802,1090.29,24.051,117
237908,1753.36,23.951,118
238015,1862.94,23.85,118
238121,1753.36,23.74,118
238227,1753.36,23.631,118
238334,1753.36,23.531,118
238439,1787.08,23.42,118
238540,1725.15,23.32,118
238645,1787.08,23.22,118
238757,1360.43,23.111,118
238858,1265.11,23,118
238962,1240.54,22.9,118
239076,1130.76,22.79,118
239177,1150.1,22.691,118
239280,1014.99,22.58,118
239423,899.831,22.44,118
239623,116.16,22.24,118
239733,532.844,22.131,118
239841,430.222,22.021,118
239944,1127.77,21.932,119
240051,1095.85,21.821,119
240159,968,21.712,119
240346,328.396,23.532,119
240451,1787.08,23.422,119
240561,1705.1,23.312,119
240664,1466.1,23.212,119
240765,1858.56,23.111,119
240866,1955.17,23.012,119
240972,2101.94,22.902,119
241078,1424.6,22.792,119
241179,2530.22,22.692,119
241282,1594.35,22.592,119
241384,1725.15,22.492,119
241489,1770.06,22.382,119
241596,1736.97,22.282,119
241697,1858.56,22.182,119
241798,1725.15,22.072,119
241991,773.126,23.9,120
242095,1804.43,23.8,120
242195,1858.56,23.701,120
242301,1659.43,23.591,120
242407,1753.36,23.491,120
242513,1880.69,23.38,120
242617,1787.08,23.271,120
242722,1787.08,23.171,120
242825,1691.65,23.07,120
242930,1770.06,22.96,120
243087,765.692,24.801,120
243190,1822.12,24.701,120
243294,2010.46,24.601,120
243396,1708.24,24.5,120
243500,1787.08,24.391,120
243606,1770.06,24.291,120
243706,1858.56,24.191,120
243812,1770.06,24.081,120
243918,1770.06,23.99,121
244090,1090.29,25.82,121
244196,1753.36,25.721,121
244302,1770.06,25.611,121
244407,1770.06,25.51,121
244508,1742.4,25.4,121
244613,1770.06,25.3,121
244713,1742.4,25.2,121
244819,1880.69,25.091,121
244926,1753.36,24.991,121
245032,1770.06,24.88,121
245137,1770.06,24.771,121
245319,1090.29,26.59,121
245420,1610.14,26.49,121
245521,1495.13,26.391,121
245627,1770.06,26.28,121
245728,1495.13,26.18,121
245834,1770.06,26.08,121
245934,1974.72,25.99,122
246040,1659.43,25.88,122
246144,1675.38,25.78,122
246246,1708.24,25.68,122
246351,1787.08,25.57,122
246480,844.889,27.44,122
246581,1265.11,27.341,122
246687,1770.06,27.231,122
246791,1563.69,27.13,122
246895,2010.46,27.031,122
246999,2010.46,26.921,122
247101,1725.15,26.82,122
247206,1675.38,26.721,122
247312,1438.17,26.61,122
247415,1708.24,26.51,122
247516,1725.15,26.409,122
247618,1708.24,26.301,122
247722,1787.08,26.201,122
247830,1845.53,26.09,122
247932,1725.15,26,123
248034,1610.14,25.9,123
248282,996.903,25.65,123
248388,4725.64,25.541,123
248494,1753.36,25.44,123
248599,1770.06,25.33,123
248705,1770.06,25.23,123
248806,1742.4,25.131,123
248911,1770.06,25.021,123
249012,1495.13,24.92,123
249116,1691.65,24.821,123
249219,1804.43,24.71,123
249321,1822.12,24.611,123
249429,1828.44,24.501,123
249531,1725.15,24.4,123
249733,773.126,26.201,123
249839,1753.36,26.091,123
249941,1822.12,26,124
250042,1725.15,25.9,124
250148,1770.06,25.79,124
250249,1725.15,25.69,124
250366,1502.07,25.58,124
250470,2122.15,25.471,124
250575,1770.06,25.369,124
250680,1770.06,25.26,124
250784,1787.08,25.16,124
250892,1736.97,25.05,124
250992,1742.4,24.95,124
251098,1770.06,24.84,124
251204,1770.06,24.74,124
251309,1770.06,24.629,124
251417,1736.97,24.52,124
251523,1770.06,24.42,124
251626,1804.43,24.319,124
251727,1858.56,24.22,124
251828,1610.14,24.11,124
251936,1613.33,24.01,124
252042,1643.77,23.92,125
252143,1626.24,23.821,125
252244,1626.24,23.72,125
252344,1626.24,23.62,125
252445,1610.14,23.521,125
252546,1626.24,23.419,125
252646,1626.24,23.321,125
252747,1626.24,23.22,125
252849,1480.47,23.11,125
252953,1466.1,23.01,125
253075,877.385,24.89,125
253177,1480.47,24.781,125
253280,1466.1,24.68,125
253383,1466.1,24.58,125
253485,1480.47,24.48,125
253588,1480.47,24.37,125
253691,1480.47,24.271,125
253794,1466.1,24.171,125
253899,1452,24.06,125
254003,1340.31,23.97,126
254109,1315.02,23.859,126
254215,1327.54,23.76,126
254319,1340.31,23.65,126
254425,1315.02,23.551,126
254530,1327.54,23.44,126
254635,1340.31,23.341,126
254741,1327.54,23.23,126
254847,1327.54,23.13,126
255043,730.569,24.93,126
255151,1194.17,24.82,126
255260,1183.11,24.71,126
255367,986.264,24.609,126
255470,1353.32,24.499,126
255579,959.119,24.39,126
255686,1205.43,24.289,126
255788,1024.94,24.18,126
255893,1228.62,24.081,126
256001,1194.17,23.98,127
256107,1095.85,23.87,127
256208,1150.1,23.769,127
256317,968,23.671,127
256419,1024.94,23.56,127
256523,1005.23,23.461,127
256625,1035.09,23.36,127
256731,986.264,23.25,127
256832,1045.44,23.15,127
256937,995.657,23.041,127
257047,1056,22.93,127
257154,986.264,22.83,127
257350,213.386,24.63,127
257467,700.966,24.521,127
257572,885.029,24.41,127
257680,860.444,24.3,127
257793,829.714,24.19,127
257896,902.214,24.089,127
258000,1452,23.99,128
258105,893.538,23.891,128
258212,876.679,23.78,128
258316,893.538,23.68,128
258422,876.679,23.57,128
258532,745.982,23.46,128
258645,726,23.35,128
258754,752.889,23.241,128
258866,732.541,23.129,128
258976,739.2,23.021,128
259087,633.6,22.901,128
259196,745.982,22.8,128
259308,732.541,22.68,128
259415,759.925,22.581,128
259521,774.4,22.471,128
259641,580.8,22.35,128
259759,595.692,22.23,128
259876,595.692,22.121,128
259996,585.681,22,129
260109,622.286,21.89,129
260212,563.883,21.789,129
260313,580.8,21.69,129
260414,575.05,21.589,129
260530,600.828,21.47,129
260638,651.364,21.36,129
260742,451.107,21.26,129
260860,492.203,21.139,129
260966,442.514,21.04,129
261088,380.852,20.91,129
261192,446.769,20.81,129
261298,442.514,20.7,129
261424,460.952,20.58,129
261538,407.579,20.46,129
261641,455.529,20.36,129
261760,488.067,20.24,129
261866,442.514,20.14,129
261985,292.84,20.02,129
262105,292.84,19.91,130
262224,292.84,19.79,130
262345,288,19.67,130
262464,295.322,19.55,130
262583,292.84,19.43,130
262703,292.84,19.311,130
262822,292.84,19.19,130
262941,295.322,19.07,130
263046,1327.54,18.971,130
263153,977.047,18.861,130
263260,977.047,18.749,130
263368,977.047,18.64,130
263476,977.047,18.54,130
263648,211.294,20.36,130
263756,968,20.26,130
263863,977.047,20.151,130
263971,977.047,20.04,130
264078,986.264,19.94,131
264188,1056,19.83,131
264298,959.119,19.72,131
264409,950.4,19.611,131
264517,968,19.511,131
264627,950.4,19.39,131
264736,968,19.29,131
264846,950.4,19.181,131
264957,950.4,19.07,131
265065,968,18.96,131
265175,959.119,18.85,131
265287,1037.14,18.739,131
265399,933.429,18.62,131
265505,547.925,18.52,131
265606,929.28,18.42,131
265707,920.079,18.311,131
265811,902.214,18.21,131
265927,205.257,20.091,131
266030,789.437,20,132
266142,837.189,19.891,132
266242,1045.44,19.791,132
266345,911.059,19.691,132
266447,1024.94,19.581,132
266550,911.059,19.481,132
266653,902.214,19.38,132
266753,929.28,19.281,132
266853,1045.44,19.181,132
266967,815.158,19.061,132
267080,829.714,18.951,132
267646,231.576,18.391,132
267752,4946.9,18.28,132
267854,911.059,18.181,132
267955,1045.44,18.081,132
268060,995.657,17.981,133
268163,911.059,17.88,133
268318,542.308,19.72,133
268422,902.214,19.62,133
268526,893.538,19.521,133
268629,1014.99,19.41,133
268736,876.679,19.31,133
268842,885.029,19.201,133
268948,876.679,19.091,133
269054,876.679,18.99,133
269175,774.4,18.87,133
269280,885.029,18.76,133
269386,885.029,18.661,133
269493,868.486,18.551,133
269598,885.029,18.44,133
269705,876.679,18.341,133
269813,968,18.231,133
269922,860.444,18.121,133
270025,911.059,18.021,133
270137,829.714,17.921,134
270246,860.444,17.82,134
270354,860.444,17.71,134
270505,439.059,19.561,134
270607,797.176,19.451,134
270714,876.679,19.35,134
270817,789.437,19.241,134
270929,1046.49,19.131,134
271030,805.069,19.031,134
271149,780.908,18.911,134
271266,901.241,18.801,134
271376,844.8,18.691,134
271487,844.8,18.581,134
271597,959.119,18.471,134
271701,670.154,18.36,134
271804,1014.99,18.261,134
271915,837.189,18.151,134
272090,512.727,19.981,135
272203,822.372,19.87,135
272316,829.714,19.76,135
272431,815.158,19.64,135
272543,829.714,19.53,135
272657,822.372,19.421,135
272759,805.069,19.311,135
272863,789.437,19.21,135
272978,808.07,19.091,135
273082,902.214,18.99,135
273183,920.079,18.89,135
273285,805.069,18.79,135
273386,805.069,18.69,135
273489,789.437,18.58,135
273590,813.12,18.481,135
273692,797.176,18.38,135
273793,813.12,18.28,135
273895,797.176,18.18,135
274065,499.115,20.01,135
274166,805.069,19.93,136
274267,813.12,19.821,136
274383,700.966,19.71,136
274493,639.413,19.6,136
274604,627.892,19.49,136
274715,633.6,19.38,136
274826,633.6,19.27,136
274936,633.6,19.16,136
275047,633.6,19.05,136
275157,639.413,18.93,136
275268,627.892,18.819,136
275379,633.6,18.709,136
275497,492.203,18.59,136
275619,480,18.47,136
275737,393.763,18.35,136
275861,468.387,18.229,136
275964,451.107,18.13,136
276138,203.321,19.96,137
276250,418.595,19.851,137
276360,532.844,19.74,137
276464,446.769,19.641,137
276599,433.433,19.501,137
276716,297.846,19.39,137
276831,305.684,19.27,137
276950,295.322,19.15,137
277068,295.322,19.03,137
277177,322.667,18.921,137
277296,295.322,18.81,137
277413,300.414,18.69,137
277527,305.684,18.57,137
277645,297.846,18.46,137
277750,442.514,18.35,137
277851,345.03,18.251,137
277974,285.639,18.13,137
278105,357.415,18,138
278241,344.178,17.87,138
278369,363,17.74,138
278472,338.33,17.641,138
278576,338.33,17.54,138
278679,341.647,17.43,138
278783,335.077,17.329,138
278908,468.387,17.201,138
279032,377.756,17.08,138
279156,377.756,16.961,138
279280,374.71,16.83,138
279404,377.756,16.71,138
279530,371.712,16.58,138
279652,380.852,16.46,138
279776,374.71,16.34,138
279900,377.756,16.21,138
280013,513.982,16.1,138
280126,414.857,16,139
280239,414.857,15.881,139
280351,414.857,15.772,139
280464,414.857,15.661,139
280576,414.857,15.552,139
280689,414.857,15.431,139
280801,414.857,15.321,139
280914,411.186,15.211,139
281027,414.857,15.101,139
281134,547.925,14.991,139
281236,455.529,14.892,139
281356,387.2,14.771,139
281464,430.222,14.661,139
281585,484,14.54,139
281690,446.769,14.431,139
281794,446.769,14.332,139
281950,75.2727,16.172,139
282056,438.34,16.071,139
282159,455.529,15.98,140
282282,566.634,15.86,140
282404,480,15.74,140
282521,496.41,15.62,140
282634,513.982,15.51,140
282739,442.514,15.4,140
282855,505.043,15.29,140
282974,488.067,15.17,140
283092,496.41,15.05,140
283214,476.066,14.93,140
283330,505.043,14.81,140
283442,627.892,14.7,140
283553,523.243,14.59,140
283666,518.571,14.48,140
283773,542.804,14.371,140
283893,585.681,14.25,140
284004,523.243,14.14,140
284114,532.844,14.03,140
284225,523.243,13.931,141
284335,532.844,13.82,141
284446,523.243,13.711,141
284641,331.68,15.51,141
284744,569.412,15.41,141
284847,569.412,15.301,141
284951,558.462,15.2,141
285055,563.883,15.1,141
285157,569.412,14.991,141
285260,563.883,14.89,141
285363,569.412,14.79,141
285467,558.462,14.69,141
285587,484,14.56,141
285703,606.052,14.451,141
285824,580.8,14.331,141
285925,575.05,14.23,141
286026,575.05,14.131,141
286139,622.286,14.01,141
286257,595.692,13.921,142
286358,580.8,13.81,142
286461,563.883,13.711,142
286565,670.154,13.611,142
286673,542.804,13.5,142
286794,580.8,13.38,142
286901,759.925,13.27,142
287009,645.333,13.161,142
287123,616.779,13.051,142
287233,633.6,12.941,142
287344,627.892,12.83,142
287457,616.779,12.721,142
287562,670.154,12.611,142
287662,929.28,12.511,142
